-- ============================================================
-- 智能排课系统 - 初始化示例数据
-- 兼容 MySQL 5.7+
-- ============================================================

SET NAMES utf8mb4;
SET FOREIGN_KEY_CHECKS = 0;

-- ============================================================
-- 1. 用户数据（1管理员 + 17教师）
-- ============================================================
INSERT INTO users (id, username, password_hash, real_name, gender, phone, role, title, subject_group, max_weekly_hours, is_active) VALUES
(1,  'admin',    '$2b$12$Upda2WdhhPEYcKL1S9T/euwNtuoY/qds17.CnmCMrFbOKHiRwIN/e', '系统管理员', 'male',   '13800000000', 'admin',   '管理员',   NULL,         0,  1),
(2,  'T2025001', '$2b$12$Upda2WdhhPEYcKL1S9T/euwNtuoY/qds17.CnmCMrFbOKHiRwIN/e', '张伟',       'male',   '13800000001', 'teacher', '高级教师', '语文组',     20, 1),
(3,  'T2025002', '$2b$12$Upda2WdhhPEYcKL1S9T/euwNtuoY/qds17.CnmCMrFbOKHiRwIN/e', '李芳',       'female', '13800000002', 'teacher', '高级教师', '数学组',     20, 1),
(4,  'T2025003', '$2b$12$Upda2WdhhPEYcKL1S9T/euwNtuoY/qds17.CnmCMrFbOKHiRwIN/e', '王强',       'male',   '13800000003', 'teacher', '高级教师', '英语组',     20, 1),
(5,  'T2025004', '$2b$12$Upda2WdhhPEYcKL1S9T/euwNtuoY/qds17.CnmCMrFbOKHiRwIN/e', '刘洋',       'male',   '13800000004', 'teacher', '一级教师', '物理组',     18, 1),
(6,  'T2025005', '$2b$12$Upda2WdhhPEYcKL1S9T/euwNtuoY/qds17.CnmCMrFbOKHiRwIN/e', '陈静',       'female', '13800000005', 'teacher', '一级教师', '化学组',     18, 1),
(7,  'T2025006', '$2b$12$Upda2WdhhPEYcKL1S9T/euwNtuoY/qds17.CnmCMrFbOKHiRwIN/e', '赵磊',       'male',   '13800000006', 'teacher', '一级教师', '生物组',     16, 1),
(8,  'T2025007', '$2b$12$Upda2WdhhPEYcKL1S9T/euwNtuoY/qds17.CnmCMrFbOKHiRwIN/e', '孙丽',       'female', '13800000007', 'teacher', '高级教师', '历史组',     18, 1),
(9,  'T2025008', '$2b$12$Upda2WdhhPEYcKL1S9T/euwNtuoY/qds17.CnmCMrFbOKHiRwIN/e', '周明',       'male',   '13800000008', 'teacher', '一级教师', '地理组',     18, 1),
(10, 'T2025009', '$2b$12$Upda2WdhhPEYcKL1S9T/euwNtuoY/qds17.CnmCMrFbOKHiRwIN/e', '吴秀英',     'female', '13800000009', 'teacher', '一级教师', '政治组',     16, 1),
(11, 'T2025010', '$2b$12$Upda2WdhhPEYcKL1S9T/euwNtuoY/qds17.CnmCMrFbOKHiRwIN/e', '郑浩',       'male',   '13800000010', 'teacher', '一级教师', '体育组',     22, 1),
(12, 'T2025011', '$2b$12$Upda2WdhhPEYcKL1S9T/euwNtuoY/qds17.CnmCMrFbOKHiRwIN/e', '马丽华',     'female', '13800000011', 'teacher', '二级教师', '音乐组',     16, 1),
(13, 'T2025012', '$2b$12$Upda2WdhhPEYcKL1S9T/euwNtuoY/qds17.CnmCMrFbOKHiRwIN/e', '黄建国',     'male',   '13800000012', 'teacher', '一级教师', '美术组',     16, 1),
(14, 'T2025013', '$2b$12$Upda2WdhhPEYcKL1S9T/euwNtuoY/qds17.CnmCMrFbOKHiRwIN/e', '林小红',     'female', '13800000013', 'teacher', '二级教师', '信息技术组', 14, 1),
(15, 'T2025014', '$2b$12$Upda2WdhhPEYcKL1S9T/euwNtuoY/qds17.CnmCMrFbOKHiRwIN/e', '杨志远',     'male',   '13800000014', 'teacher', '一级教师', '心理组',     12, 1),
(16, 'T2025015', '$2b$12$Upda2WdhhPEYcKL1S9T/euwNtuoY/qds17.CnmCMrFbOKHiRwIN/e', '徐敏',       'female', '13800000015', 'teacher', '高级教师', '语文组',     18, 1),
(17, 'T2025016', '$2b$12$Upda2WdhhPEYcKL1S9T/euwNtuoY/qds17.CnmCMrFbOKHiRwIN/e', '何平',       'male',   '13800000016', 'teacher', '一级教师', '数学组',     18, 1),
(18, 'T2025017', '$2b$12$Upda2WdhhPEYcKL1S9T/euwNtuoY/qds17.CnmCMrFbOKHiRwIN/e', '田芳',       'female', '13800000017', 'teacher', '一级教师', '英语组',     18, 1);

-- ============================================================
-- 2. 学年数据
-- ============================================================
INSERT INTO academic_years (id, name, status, is_current) VALUES
(1, '2024-2025', 'archived', 0),
(2, '2025-2026', 'active',   1);

-- ============================================================
-- 3. 学期数据
-- ============================================================
INSERT INTO semesters (id, academic_year_id, name, start_date, end_date, is_current, status) VALUES
(1, 1, '上学期', '2024-09-01', '2025-01-17', 0, 'archived'),
(2, 1, '下学期', '2025-02-17', '2025-07-04', 0, 'archived'),
(3, 2, '上学期', '2025-09-01', '2026-01-16', 1, 'active'),
(4, 2, '下学期', '2026-02-23', '2026-07-03', 0, 'pending');

-- ============================================================
-- 4. 年级数据（2025-2026学年）
-- ============================================================
INSERT INTO grades (id, name, level, academic_year_id) VALUES
(1, '高一', 10, 2),
(2, '高二', 11, 2),
(3, '高三', 12, 2);

-- ============================================================
-- 5. 科目数据（2025-2026学年）
-- ============================================================
INSERT INTO subjects (id, name, short_name, subject_type, priority, allow_consecutive, max_consecutive, needs_special_room, max_per_day, max_per_week, supports_odd_even, academic_year_id) VALUES
(1,  '语文',     '语',  '主科',   9, 0, 1, 0, 2, 6, 0, 2),
(2,  '数学',     '数',  '主科',   9, 0, 1, 0, 2, 7, 0, 2),
(3,  '英语',     '英',  '主科',   9, 0, 1, 0, 2, 6, 0, 2),
(4,  '物理',     '物',  '主科',   8, 1, 2, 1, 2, 5, 0, 2),
(5,  '化学',     '化',  '主科',   8, 1, 2, 1, 2, 5, 0, 2),
(6,  '生物',     '生',  '副科',   7, 0, 1, 1, 2, 4, 0, 2),
(7,  '历史',     '史',  '副科',   7, 0, 1, 0, 2, 4, 0, 2),
(8,  '地理',     '地',  '副科',   7, 0, 1, 0, 2, 4, 0, 2),
(9,  '政治',     '政',  '副科',   7, 0, 1, 0, 2, 4, 0, 2),
(10, '体育',     '体',  '活动课', 3, 0, 1, 1, 1, 3, 0, 2),
(11, '音乐',     '音',  '副科',   4, 0, 1, 1, 1, 2, 0, 2),
(12, '美术',     '美',  '副科',   4, 0, 1, 1, 1, 2, 0, 2),
(13, '信息技术', '信',  '副科',   5, 0, 1, 1, 1, 2, 0, 2),
(14, '心理健康', '心',  '副科',   3, 0, 1, 0, 1, 2, 1, 2),
(15, '综合实践', '综',  '副科',   2, 0, 1, 0, 1, 2, 1, 2),
(16, '劳动',     '劳',  '副科',   2, 0, 1, 0, 1, 2, 1, 2),
(17, '班会',     '班',  '活动课', 1, 0, 1, 0, 1, 1, 0, 2),
(18, '自习',     '自',  '副科',   1, 0, 1, 0, 2, 5, 1, 2),
(19, '校本',     '校',  '副科',   2, 0, 1, 0, 1, 2, 1, 2);

-- ============================================================
-- 6. 教室数据（2025-2026学年）
-- ============================================================
INSERT INTO classrooms (id, name, room_type, capacity, location, equipment, academic_year_id) VALUES
(1,  '101教室',     '普通教室',   50,  '教学楼1楼',  '{"desk":50,"chair":50,"projector":true}',            2),
(2,  '102教室',     '普通教室',   50,  '教学楼1楼',  '{"desk":50,"chair":50,"projector":true}',            2),
(3,  '201教室',     '普通教室',   50,  '教学楼2楼',  '{"desk":50,"chair":50,"projector":true}',            2),
(4,  '202教室',     '普通教室',   50,  '教学楼2楼',  '{"desk":50,"chair":50,"projector":true}',            2),
(5,  '301教室',     '普通教室',   50,  '教学楼3楼',  '{"desk":50,"chair":50,"projector":true}',            2),
(6,  '302教室',     '普通教室',   50,  '教学楼3楼',  '{"desk":50,"chair":50,"projector":true}',            2),
(7,  '物理实验室',  '实验室',     50,  '实验楼1楼',  '{"desk":50,"chair":50,"experiment_bench":12}',       2),
(8,  '化学实验室',  '实验室',     50,  '实验楼1楼',  '{"desk":50,"chair":50,"fume_hood":6,"experiment_bench":12}', 2),
(9,  '生物实验室',  '实验室',     50,  '实验楼2楼',  '{"desk":50,"chair":50,"microscope":25}',             2),
(10, '多媒体教室',  '多媒体教室', 100, '教学楼1楼',  '{"desk":100,"chair":100,"projector":true,"sound_system":true}', 2),
(11, '音乐室',      '音乐室',     60,  '艺术楼1楼',  '{"piano":1,"music_stand":30,"chair":60}',            2),
(12, '美术室',      '美术室',     60,  '艺术楼1楼',  '{"easel":30,"chair":60,"sink":2}',                   2),
(13, '体育馆',      '体育馆',     200, '体育中心',    '{"basketball_court":2,"badminton_court":4}',         2),
(14, '计算机教室',  '其他',       50,  '实验楼2楼',  '{"computer":50,"projector":true}',                   2);

-- ============================================================
-- 7. 班级数据（2025-2026学年）
-- ============================================================
INSERT INTO class_groups (id, name, short_name, grade_id, student_count, head_teacher_id, class_type, academic_year_id) VALUES
(1, '高一(1)班', '高一1', 1, 48, 2,  '普通班', 2),
(2, '高一(2)班', '高一2', 1, 46, 17, '普通班', 2),
(3, '高二(1)班', '高二1', 2, 50, 3,  '实验班', 2),
(4, '高二(2)班', '高二2', 2, 47, 18, '普通班', 2),
(5, '高三(1)班', '高三1', 3, 45, 16, '实验班', 2),
(6, '高三(2)班', '高三2', 3, 44, 4,  '普通班', 2);

-- ============================================================
-- 8. 作息时间模板
-- ============================================================
INSERT INTO schedule_templates (id, name, grade_id, academic_year_id, days_per_week, is_default) VALUES
(1, '高一作息模板', 1, 2, 5, 0),
(2, '高二作息模板', 2, 2, 5, 0),
(3, '高三作息模板', 3, 2, 5, 0);

-- ============================================================
-- 9. 时间段数据
-- ============================================================

-- ---- 高一作息 (8节课 + 课间操 + 午休 = 10个时段/天) ----
-- period_number: 1=第一节, 2=第二节, 3=课间操, 4=第三节, 5=第四节,
--                6=午休, 7=第五节, 8=第六节, 9=第七节, 10=第八节
INSERT INTO time_slots (schedule_template_id, day_of_week, period_number, start_time, end_time, period_type, label, is_morning, is_afternoon, is_evening) VALUES
-- 星期一
(1,1,1, '08:00:00','08:45:00','上课',  '第一节', 1,0,0),
(1,1,2, '08:55:00','09:40:00','上课',  '第二节', 1,0,0),
(1,1,3, '09:40:00','10:10:00','课间操','课间操', 1,0,0),
(1,1,4, '10:10:00','10:55:00','上课',  '第三节', 1,0,0),
(1,1,5, '11:05:00','11:50:00','上课',  '第四节', 1,0,0),
(1,1,6, '11:50:00','14:00:00','午休',  '午休',   0,0,0),
(1,1,7, '14:00:00','14:45:00','上课',  '第五节', 0,1,0),
(1,1,8, '14:55:00','15:40:00','上课',  '第六节', 0,1,0),
(1,1,9, '15:50:00','16:35:00','上课',  '第七节', 0,1,0),
(1,1,10,'16:45:00','17:30:00','上课',  '第八节', 0,1,0),
-- 星期二
(1,2,1, '08:00:00','08:45:00','上课',  '第一节', 1,0,0),
(1,2,2, '08:55:00','09:40:00','上课',  '第二节', 1,0,0),
(1,2,3, '09:40:00','10:10:00','课间操','课间操', 1,0,0),
(1,2,4, '10:10:00','10:55:00','上课',  '第三节', 1,0,0),
(1,2,5, '11:05:00','11:50:00','上课',  '第四节', 1,0,0),
(1,2,6, '11:50:00','14:00:00','午休',  '午休',   0,0,0),
(1,2,7, '14:00:00','14:45:00','上课',  '第五节', 0,1,0),
(1,2,8, '14:55:00','15:40:00','上课',  '第六节', 0,1,0),
(1,2,9, '15:50:00','16:35:00','上课',  '第七节', 0,1,0),
(1,2,10,'16:45:00','17:30:00','上课',  '第八节', 0,1,0),
-- 星期三
(1,3,1, '08:00:00','08:45:00','上课',  '第一节', 1,0,0),
(1,3,2, '08:55:00','09:40:00','上课',  '第二节', 1,0,0),
(1,3,3, '09:40:00','10:10:00','课间操','课间操', 1,0,0),
(1,3,4, '10:10:00','10:55:00','上课',  '第三节', 1,0,0),
(1,3,5, '11:05:00','11:50:00','上课',  '第四节', 1,0,0),
(1,3,6, '11:50:00','14:00:00','午休',  '午休',   0,0,0),
(1,3,7, '14:00:00','14:45:00','上课',  '第五节', 0,1,0),
(1,3,8, '14:55:00','15:40:00','上课',  '第六节', 0,1,0),
(1,3,9, '15:50:00','16:35:00','上课',  '第七节', 0,1,0),
(1,3,10,'16:45:00','17:30:00','上课',  '第八节', 0,1,0),
-- 星期四
(1,4,1, '08:00:00','08:45:00','上课',  '第一节', 1,0,0),
(1,4,2, '08:55:00','09:40:00','上课',  '第二节', 1,0,0),
(1,4,3, '09:40:00','10:10:00','课间操','课间操', 1,0,0),
(1,4,4, '10:10:00','10:55:00','上课',  '第三节', 1,0,0),
(1,4,5, '11:05:00','11:50:00','上课',  '第四节', 1,0,0),
(1,4,6, '11:50:00','14:00:00','午休',  '午休',   0,0,0),
(1,4,7, '14:00:00','14:45:00','上课',  '第五节', 0,1,0),
(1,4,8, '14:55:00','15:40:00','上课',  '第六节', 0,1,0),
(1,4,9, '15:50:00','16:35:00','上课',  '第七节', 0,1,0),
(1,4,10,'16:45:00','17:30:00','上课',  '第八节', 0,1,0),
-- 星期五
(1,5,1, '08:00:00','08:45:00','上课',  '第一节', 1,0,0),
(1,5,2, '08:55:00','09:40:00','上课',  '第二节', 1,0,0),
(1,5,3, '09:40:00','10:10:00','课间操','课间操', 1,0,0),
(1,5,4, '10:10:00','10:55:00','上课',  '第三节', 1,0,0),
(1,5,5, '11:05:00','11:50:00','上课',  '第四节', 1,0,0),
(1,5,6, '11:50:00','14:00:00','午休',  '午休',   0,0,0),
(1,5,7, '14:00:00','14:45:00','上课',  '第五节', 0,1,0),
(1,5,8, '14:55:00','15:40:00','上课',  '第六节', 0,1,0),
(1,5,9, '15:50:00','16:35:00','上课',  '第七节', 0,1,0),
(1,5,10,'16:45:00','17:30:00','上课',  '第八节', 0,1,0);

-- ---- 高二作息 (9节课 + 课间操 + 午休 = 11个时段/天) ----
-- period_number: 1=第一节, 2=第二节, 3=课间操, 4=第三节, 5=第四节,
--                6=第五节, 7=午休, 8=第六节, 9=第七节, 10=第八节, 11=第九节
INSERT INTO time_slots (schedule_template_id, day_of_week, period_number, start_time, end_time, period_type, label, is_morning, is_afternoon, is_evening) VALUES
-- 星期一
(2,1,1, '07:50:00','08:35:00','上课',  '第一节', 1,0,0),
(2,1,2, '08:45:00','09:30:00','上课',  '第二节', 1,0,0),
(2,1,3, '09:30:00','10:00:00','课间操','课间操', 1,0,0),
(2,1,4, '10:00:00','10:45:00','上课',  '第三节', 1,0,0),
(2,1,5, '10:55:00','11:40:00','上课',  '第四节', 1,0,0),
(2,1,6, '11:50:00','12:35:00','上课',  '第五节', 1,0,0),
(2,1,7, '12:35:00','14:00:00','午休',  '午休',   0,0,0),
(2,1,8, '14:00:00','14:45:00','上课',  '第六节', 0,1,0),
(2,1,9, '14:55:00','15:40:00','上课',  '第七节', 0,1,0),
(2,1,10,'15:50:00','16:35:00','上课',  '第八节', 0,1,0),
(2,1,11,'16:45:00','17:40:00','上课',  '第九节', 0,1,0),
-- 星期二
(2,2,1, '07:50:00','08:35:00','上课',  '第一节', 1,0,0),
(2,2,2, '08:45:00','09:30:00','上课',  '第二节', 1,0,0),
(2,2,3, '09:30:00','10:00:00','课间操','课间操', 1,0,0),
(2,2,4, '10:00:00','10:45:00','上课',  '第三节', 1,0,0),
(2,2,5, '10:55:00','11:40:00','上课',  '第四节', 1,0,0),
(2,2,6, '11:50:00','12:35:00','上课',  '第五节', 1,0,0),
(2,2,7, '12:35:00','14:00:00','午休',  '午休',   0,0,0),
(2,2,8, '14:00:00','14:45:00','上课',  '第六节', 0,1,0),
(2,2,9, '14:55:00','15:40:00','上课',  '第七节', 0,1,0),
(2,2,10,'15:50:00','16:35:00','上课',  '第八节', 0,1,0),
(2,2,11,'16:45:00','17:40:00','上课',  '第九节', 0,1,0),
-- 星期三
(2,3,1, '07:50:00','08:35:00','上课',  '第一节', 1,0,0),
(2,3,2, '08:45:00','09:30:00','上课',  '第二节', 1,0,0),
(2,3,3, '09:30:00','10:00:00','课间操','课间操', 1,0,0),
(2,3,4, '10:00:00','10:45:00','上课',  '第三节', 1,0,0),
(2,3,5, '10:55:00','11:40:00','上课',  '第四节', 1,0,0),
(2,3,6, '11:50:00','12:35:00','上课',  '第五节', 1,0,0),
(2,3,7, '12:35:00','14:00:00','午休',  '午休',   0,0,0),
(2,3,8, '14:00:00','14:45:00','上课',  '第六节', 0,1,0),
(2,3,9, '14:55:00','15:40:00','上课',  '第七节', 0,1,0),
(2,3,10,'15:50:00','16:35:00','上课',  '第八节', 0,1,0),
(2,3,11,'16:45:00','17:40:00','上课',  '第九节', 0,1,0),
-- 星期四
(2,4,1, '07:50:00','08:35:00','上课',  '第一节', 1,0,0),
(2,4,2, '08:45:00','09:30:00','上课',  '第二节', 1,0,0),
(2,4,3, '09:30:00','10:00:00','课间操','课间操', 1,0,0),
(2,4,4, '10:00:00','10:45:00','上课',  '第三节', 1,0,0),
(2,4,5, '10:55:00','11:40:00','上课',  '第四节', 1,0,0),
(2,4,6, '11:50:00','12:35:00','上课',  '第五节', 1,0,0),
(2,4,7, '12:35:00','14:00:00','午休',  '午休',   0,0,0),
(2,4,8, '14:00:00','14:45:00','上课',  '第六节', 0,1,0),
(2,4,9, '14:55:00','15:40:00','上课',  '第七节', 0,1,0),
(2,4,10,'15:50:00','16:35:00','上课',  '第八节', 0,1,0),
(2,4,11,'16:45:00','17:40:00','上课',  '第九节', 0,1,0),
-- 星期五
(2,5,1, '07:50:00','08:35:00','上课',  '第一节', 1,0,0),
(2,5,2, '08:45:00','09:30:00','上课',  '第二节', 1,0,0),
(2,5,3, '09:30:00','10:00:00','课间操','课间操', 1,0,0),
(2,5,4, '10:00:00','10:45:00','上课',  '第三节', 1,0,0),
(2,5,5, '10:55:00','11:40:00','上课',  '第四节', 1,0,0),
(2,5,6, '11:50:00','12:35:00','上课',  '第五节', 1,0,0),
(2,5,7, '12:35:00','14:00:00','午休',  '午休',   0,0,0),
(2,5,8, '14:00:00','14:45:00','上课',  '第六节', 0,1,0),
(2,5,9, '14:55:00','15:40:00','上课',  '第七节', 0,1,0),
(2,5,10,'15:50:00','16:35:00','上课',  '第八节', 0,1,0),
(2,5,11,'16:45:00','17:40:00','上课',  '第九节', 0,1,0);

-- ---- 高三作息 (9节正课 + 3节晚自习 + 课间操 + 午休 = 14个时段/天) ----
-- period_number: 1=第一节, 2=第二节, 3=课间操, 4=第三节, 5=第四节,
--                6=第五节, 7=午休, 8=第六节, 9=第七节, 10=第八节,
--                11=第九节, 12=晚自习1, 13=晚自习2, 14=晚自习3
INSERT INTO time_slots (schedule_template_id, day_of_week, period_number, start_time, end_time, period_type, label, is_morning, is_afternoon, is_evening) VALUES
-- 星期一
(3,1,1, '07:30:00','08:15:00','上课',    '第一节',   1,0,0),
(3,1,2, '08:25:00','09:10:00','上课',    '第二节',   1,0,0),
(3,1,3, '09:10:00','09:40:00','课间操',  '课间操',   1,0,0),
(3,1,4, '09:40:00','10:25:00','上课',    '第三节',   1,0,0),
(3,1,5, '10:35:00','11:20:00','上课',    '第四节',   1,0,0),
(3,1,6, '11:30:00','12:15:00','上课',    '第五节',   1,0,0),
(3,1,7, '12:15:00','14:00:00','午休',    '午休',     0,0,0),
(3,1,8, '14:00:00','14:45:00','上课',    '第六节',   0,1,0),
(3,1,9, '14:55:00','15:40:00','上课',    '第七节',   0,1,0),
(3,1,10,'15:50:00','16:35:00','上课',    '第八节',   0,1,0),
(3,1,11,'16:45:00','17:30:00','上课',    '第九节',   0,1,0),
(3,1,12,'18:30:00','19:15:00','晚自习',  '晚自习1',  0,0,1),
(3,1,13,'19:25:00','20:10:00','晚自习',  '晚自习2',  0,0,1),
(3,1,14,'20:20:00','21:05:00','晚自习',  '晚自习3',  0,0,1),
-- 星期二
(3,2,1, '07:30:00','08:15:00','上课',    '第一节',   1,0,0),
(3,2,2, '08:25:00','09:10:00','上课',    '第二节',   1,0,0),
(3,2,3, '09:10:00','09:40:00','课间操',  '课间操',   1,0,0),
(3,2,4, '09:40:00','10:25:00','上课',    '第三节',   1,0,0),
(3,2,5, '10:35:00','11:20:00','上课',    '第四节',   1,0,0),
(3,2,6, '11:30:00','12:15:00','上课',    '第五节',   1,0,0),
(3,2,7, '12:15:00','14:00:00','午休',    '午休',     0,0,0),
(3,2,8, '14:00:00','14:45:00','上课',    '第六节',   0,1,0),
(3,2,9, '14:55:00','15:40:00','上课',    '第七节',   0,1,0),
(3,2,10,'15:50:00','16:35:00','上课',    '第八节',   0,1,0),
(3,2,11,'16:45:00','17:30:00','上课',    '第九节',   0,1,0),
(3,2,12,'18:30:00','19:15:00','晚自习',  '晚自习1',  0,0,1),
(3,2,13,'19:25:00','20:10:00','晚自习',  '晚自习2',  0,0,1),
(3,2,14,'20:20:00','21:05:00','晚自习',  '晚自习3',  0,0,1),
-- 星期三
(3,3,1, '07:30:00','08:15:00','上课',    '第一节',   1,0,0),
(3,3,2, '08:25:00','09:10:00','上课',    '第二节',   1,0,0),
(3,3,3, '09:10:00','09:40:00','课间操',  '课间操',   1,0,0),
(3,3,4, '09:40:00','10:25:00','上课',    '第三节',   1,0,0),
(3,3,5, '10:35:00','11:20:00','上课',    '第四节',   1,0,0),
(3,3,6, '11:30:00','12:15:00','上课',    '第五节',   1,0,0),
(3,3,7, '12:15:00','14:00:00','午休',    '午休',     0,0,0),
(3,3,8, '14:00:00','14:45:00','上课',    '第六节',   0,1,0),
(3,3,9, '14:55:00','15:40:00','上课',    '第七节',   0,1,0),
(3,3,10,'15:50:00','16:35:00','上课',    '第八节',   0,1,0),
(3,3,11,'16:45:00','17:30:00','上课',    '第九节',   0,1,0),
(3,3,12,'18:30:00','19:15:00','晚自习',  '晚自习1',  0,0,1),
(3,3,13,'19:25:00','20:10:00','晚自习',  '晚自习2',  0,0,1),
(3,3,14,'20:20:00','21:05:00','晚自习',  '晚自习3',  0,0,1),
-- 星期四
(3,4,1, '07:30:00','08:15:00','上课',    '第一节',   1,0,0),
(3,4,2, '08:25:00','09:10:00','上课',    '第二节',   1,0,0),
(3,4,3, '09:10:00','09:40:00','课间操',  '课间操',   1,0,0),
(3,4,4, '09:40:00','10:25:00','上课',    '第三节',   1,0,0),
(3,4,5, '10:35:00','11:20:00','上课',    '第四节',   1,0,0),
(3,4,6, '11:30:00','12:15:00','上课',    '第五节',   1,0,0),
(3,4,7, '12:15:00','14:00:00','午休',    '午休',     0,0,0),
(3,4,8, '14:00:00','14:45:00','上课',    '第六节',   0,1,0),
(3,4,9, '14:55:00','15:40:00','上课',    '第七节',   0,1,0),
(3,4,10,'15:50:00','16:35:00','上课',    '第八节',   0,1,0),
(3,4,11,'16:45:00','17:30:00','上课',    '第九节',   0,1,0),
(3,4,12,'18:30:00','19:15:00','晚自习',  '晚自习1',  0,0,1),
(3,4,13,'19:25:00','20:10:00','晚自习',  '晚自习2',  0,0,1),
(3,4,14,'20:20:00','21:05:00','晚自习',  '晚自习3',  0,0,1),
-- 星期五
(3,5,1, '07:30:00','08:15:00','上课',    '第一节',   1,0,0),
(3,5,2, '08:25:00','09:10:00','上课',    '第二节',   1,0,0),
(3,5,3, '09:10:00','09:40:00','课间操',  '课间操',   1,0,0),
(3,5,4, '09:40:00','10:25:00','上课',    '第三节',   1,0,0),
(3,5,5, '10:35:00','11:20:00','上课',    '第四节',   1,0,0),
(3,5,6, '11:30:00','12:15:00','上课',    '第五节',   1,0,0),
(3,5,7, '12:15:00','14:00:00','午休',    '午休',     0,0,0),
(3,5,8, '14:00:00','14:45:00','上课',    '第六节',   0,1,0),
(3,5,9, '14:55:00','15:40:00','上课',    '第七节',   0,1,0),
(3,5,10,'15:50:00','16:35:00','上课',    '第八节',   0,1,0),
(3,5,11,'16:45:00','17:30:00','上课',    '第九节',   0,1,0),
(3,5,12,'18:30:00','19:15:00','晚自习',  '晚自习1',  0,0,1),
(3,5,13,'19:25:00','20:10:00','晚自习',  '晚自习2',  0,0,1),
(3,5,14,'20:20:00','21:05:00','晚自习',  '晚自习3',  0,0,1);

-- ============================================================
-- 10. 任课安排数据（含跨年级、单双周、合班课）
-- ============================================================

-- ---- 高一(1)班 ----
INSERT INTO teaching_assignments (id, class_group_id, subject_id, teacher_id, weekly_hours, odd_even_type, academic_year_id, semester_id, is_combined_class, combined_class_ids, notes) VALUES
(1,  1, 1,  2,  4, 'all', 2, 3, 0, NULL,              NULL),
(2,  1, 2,  17, 5, 'all', 2, 3, 0, NULL,              NULL),
(3,  1, 3,  4,  4, 'all', 2, 3, 0, NULL,              NULL),
(4,  1, 4,  5,  2, 'all', 2, 3, 0, NULL,              NULL),
(5,  1, 5,  6,  2, 'all', 2, 3, 0, NULL,              NULL),
(6,  1, 6,  7,  2, 'all', 2, 3, 0, NULL,              NULL),
(7,  1, 7,  8,  2, 'all', 2, 3, 0, NULL,              NULL),
(8,  1, 10, 11, 2, 'all', 2, 3, 0, NULL,              NULL),
(9,  1, 11, 12, 1, 'all', 2, 3, 1, '[1, 2]',          '高一1班+高一2班合班上音乐课'),
(10, 1, 14, 15, 1, 'odd', 2, 3, 0, NULL,              '单周上心理健康'),
(11, 1, 15, 2,  1, 'even', 2, 3, 0, NULL,             '双周上综合实践(语文老师带)');

-- ---- 高一(2)班 ----
INSERT INTO teaching_assignments (id, class_group_id, subject_id, teacher_id, weekly_hours, odd_even_type, academic_year_id, semester_id, is_combined_class, combined_class_ids, notes) VALUES
(12, 2, 1,  2,  4, 'all', 2, 3, 0, NULL,              NULL),
(13, 2, 2,  17, 5, 'all', 2, 3, 0, NULL,              NULL),
(14, 2, 3,  4,  4, 'all', 2, 3, 0, NULL,              NULL),
(15, 2, 4,  5,  2, 'all', 2, 3, 0, NULL,              NULL),
(16, 2, 5,  6,  2, 'all', 2, 3, 0, NULL,              NULL),
(17, 2, 6,  7,  2, 'all', 2, 3, 0, NULL,              NULL),
(18, 2, 8,  9,  2, 'all', 2, 3, 0, NULL,              NULL),
(19, 2, 10, 11, 2, 'all', 2, 3, 0, NULL,              NULL),
(20, 2, 11, 12, 1, 'all', 2, 3, 1, '[1, 2]',          '高一1班+高一2班合班上音乐课'),
(21, 2, 14, 15, 1, 'odd', 2, 3, 0, NULL,              '单周上心理健康'),
(22, 2, 16, 2,  1, 'even', 2, 3, 0, NULL,             '双周上劳动(语文老师带)');

-- ---- 高二(1)班（理科方向） ----
INSERT INTO teaching_assignments (id, class_group_id, subject_id, teacher_id, weekly_hours, odd_even_type, academic_year_id, semester_id, is_combined_class, combined_class_ids, notes) VALUES
(23, 3, 1,  2,  4, 'all', 2, 3, 0, NULL, NULL),
(24, 3, 2,  3,  5, 'all', 2, 3, 0, NULL, NULL),
(25, 3, 3,  18, 4, 'all', 2, 3, 0, NULL, NULL),
(26, 3, 4,  5,  3, 'all', 2, 3, 0, NULL, NULL),
(27, 3, 5,  6,  3, 'all', 2, 3, 0, NULL, NULL),
(28, 3, 6,  7,  3, 'all', 2, 3, 0, NULL, NULL),
(29, 3, 10, 11, 2, 'all', 2, 3, 0, NULL, NULL);

-- ---- 高二(2)班（文科方向） ----
INSERT INTO teaching_assignments (id, class_group_id, subject_id, teacher_id, weekly_hours, odd_even_type, academic_year_id, semester_id, is_combined_class, combined_class_ids, notes) VALUES
(30, 4, 1,  2,  4, 'all', 2, 3, 0, NULL, NULL),
(31, 4, 2,  3,  5, 'all', 2, 3, 0, NULL, NULL),
(32, 4, 3,  18, 4, 'all', 2, 3, 0, NULL, NULL),
(33, 4, 7,  8,  3, 'all', 2, 3, 0, NULL, NULL),
(34, 4, 8,  9,  3, 'all', 2, 3, 0, NULL, NULL),
(35, 4, 9,  10, 3, 'all', 2, 3, 0, NULL, NULL),
(36, 4, 10, 11, 2, 'all', 2, 3, 0, NULL, NULL);

-- ---- 高三(1)班（理科方向） ----
INSERT INTO teaching_assignments (id, class_group_id, subject_id, teacher_id, weekly_hours, odd_even_type, academic_year_id, semester_id, is_combined_class, combined_class_ids, notes) VALUES
(37, 5, 1,  16, 5, 'all', 2, 3, 0, NULL, NULL),
(38, 5, 2,  3,  6, 'all', 2, 3, 0, NULL, NULL),
(39, 5, 3,  4,  5, 'all', 2, 3, 0, NULL, NULL),
(40, 5, 4,  5,  4, 'all', 2, 3, 0, NULL, NULL),
(41, 5, 5,  6,  4, 'all', 2, 3, 0, NULL, NULL),
(42, 5, 10, 11, 2, 'all', 2, 3, 0, NULL, NULL);

-- ---- 高三(2)班（文科方向） ----
INSERT INTO teaching_assignments (id, class_group_id, subject_id, teacher_id, weekly_hours, odd_even_type, academic_year_id, semester_id, is_combined_class, combined_class_ids, notes) VALUES
(43, 6, 1,  16, 5, 'all', 2, 3, 0, NULL, NULL),
(44, 6, 2,  3,  6, 'all', 2, 3, 0, NULL, NULL),
(45, 6, 3,  4,  5, 'all', 2, 3, 0, NULL, NULL),
(46, 6, 7,  8,  4, 'all', 2, 3, 0, NULL, NULL),
(47, 6, 8,  9,  4, 'all', 2, 3, 0, NULL, NULL),
(48, 6, 10, 11, 2, 'all', 2, 3, 0, NULL, NULL),
(49, 6, 14, 15, 1, 'even', 2, 3, 0, NULL, '双周上心理健康');

-- ============================================================
-- 11. 预排课程（体育固定下午、班会固定周一最后一节）
-- ============================================================
INSERT INTO pre_scheduled_courses (id, teaching_assignment_id, day_of_week, period_number, schedule_template_id, odd_even_type, academic_year_id) VALUES
-- 高一(1)班 体育固定周三下午第七节(period_number=9)
(1,  8,  3, 9, 1, 'all', 2),
-- 高一(1)班 班会固定周一第八节(period_number=10)
(2,  1,  1, 10, 1, 'all', 2),
-- 高一(2)班 体育固定周四下午第七节(period_number=9)
(3,  19, 4, 9, 1, 'all', 2),
-- 高二(1)班 体育固定周三下午第八节(period_number=9)
(4,  29, 3, 9, 2, 'all', 2),
-- 高二(2)班 体育固定周四下午第八节(period_number=9)
(5,  36, 4, 9, 2, 'all', 2),
-- 高三(1)班 体育固定周五下午第七节(period_number=9)
(6,  42, 5, 9, 3, 'all', 2),
-- 高三(2)班 体育固定周三下午第七节(period_number=9)
(7,  48, 3, 9, 3, 'all', 2);

-- ============================================================
-- 12. 排课方案
-- ============================================================
INSERT INTO schedule_plans (id, name, academic_year_id, semester_id, status, is_active) VALUES
(1, '2025-2026上学期排课方案', 2, 3, 'draft', 1);

-- ============================================================
-- 13. 课表条目（示例：高一1班周一+周二完整课表 + 跨年级冲突演示 + 单双周）
-- ============================================================
INSERT INTO timetable_entries (id, schedule_plan_id, teaching_assignment_id, class_group_id, subject_id, teacher_id, classroom_id, day_of_week, period_number, schedule_template_id, start_time, end_time, odd_even_type, is_locked) VALUES
-- ==== 高一(1)班 星期一 ====
(1,  1, 1,  1, 1,  2,  1,  1, 1,  1, '08:00:00','08:45:00','all', 0),
(2,  1, 2,  1, 2,  17, 1,  1, 2,  1, '08:55:00','09:40:00','all', 0),
(3,  1, 3,  1, 3,  4,  1,  1, 4,  1, '10:10:00','10:55:00','all', 0),
(4,  1, 4,  1, 4,  5,  7,  1, 5,  1, '11:05:00','11:50:00','all', 0),
(5,  1, 5,  1, 5,  6,  8,  1, 7,  1, '14:00:00','14:45:00','all', 0),
(6,  1, 6,  1, 6,  7,  1,  1, 8,  1, '14:55:00','15:40:00','all', 0),
(7,  1, 8,  1, 10, 11, 13, 1, 9,  1, '15:50:00','16:35:00','all', 1),
(8,  1, 7,  1, 7,  8,  1,  1, 10, 1, '16:45:00','17:30:00','all', 0),

-- ==== 高一(1)班 星期二 ====
(9,  1, 2,  1, 2,  17, 1,  2, 1,  1, '08:00:00','08:45:00','all', 0),
(10, 1, 1,  1, 1,  2,  1,  2, 2,  1, '08:55:00','09:40:00','all', 0),
(11, 1, 5,  1, 5,  6,  1,  2, 4,  1, '10:10:00','10:55:00','all', 0),
(12, 1, 3,  1, 3,  4,  1,  2, 5,  1, '11:05:00','11:50:00','all', 0),
(13, 1, 4,  1, 4,  5,  1,  2, 7,  1, '14:00:00','14:45:00','all', 0),
(14, 1, 9,  1, 11, 12, 11, 2, 8,  1, '14:55:00','15:40:00','all', 0),
-- 单周：心理健康
(15, 1, 10, 1, 14, 15, 1,  2, 9,  1, '15:50:00','16:35:00','odd', 0),
-- 双周：综合实践
(16, 1, 11, 1, 15, 2,  1,  2, 9,  1, '15:50:00','16:35:00','even', 0),
(17, 1, 1,  1, 1,  2,  1,  2, 10, 1, '16:45:00','17:30:00','all', 0),

-- ==== 高一(1)班 星期三 ====
(18, 1, 3,  1, 3,  4,  1,  3, 1,  1, '08:00:00','08:45:00','all', 0),
(19, 1, 2,  1, 2,  17, 1,  3, 2,  1, '08:55:00','09:40:00','all', 0),
(20, 1, 1,  1, 1,  2,  1,  3, 4,  1, '10:10:00','10:55:00','all', 0),
(21, 1, 6,  1, 6,  7,  9,  3, 5,  1, '11:05:00','11:50:00','all', 0),
(22, 1, 7,  1, 7,  8,  1,  3, 7,  1, '14:00:00','14:45:00','all', 0),
(23, 1, 8,  1, 10, 11, 13, 3, 9,  1, '15:50:00','16:35:00','all', 1),
(24, 1, 4,  1, 4,  5,  1,  3, 8,  1, '14:55:00','15:40:00','all', 0),
(25, 1, 5,  1, 5,  6,  1,  3, 10, 1, '16:45:00','17:30:00','all', 0),

-- ==== 高一(1)班 星期四 ====
(26, 1, 2,  1, 2,  17, 1,  4, 1,  1, '08:00:00','08:45:00','all', 0),
(27, 1, 1,  1, 1,  2,  1,  4, 2,  1, '08:55:00','09:40:00','all', 0),
(28, 1, 4,  1, 4,  5,  7,  4, 4,  1, '10:10:00','10:55:00','all', 0),
(29, 1, 3,  1, 3,  4,  1,  4, 5,  1, '11:05:00','11:50:00','all', 0),
(30, 1, 6,  1, 6,  7,  1,  4, 7,  1, '14:00:00','14:45:00','all', 0),
(31, 1, 7,  1, 7,  8,  1,  4, 8,  1, '14:55:00','15:40:00','all', 0),
(32, 1, 5,  1, 5,  6,  8,  4, 9,  1, '15:50:00','16:35:00','all', 0),
(33, 1, 9,  1, 11, 12, 11, 4, 10, 1, '16:45:00','17:30:00','all', 0),

-- ==== 高一(1)班 星期五 ====
(34, 1, 1,  1, 1,  2,  1,  5, 1,  1, '08:00:00','08:45:00','all', 0),
(35, 1, 3,  1, 3,  4,  1,  5, 2,  1, '08:55:00','09:40:00','all', 0),
(36, 1, 2,  1, 2,  17, 1,  5, 4,  1, '10:10:00','10:55:00','all', 0),
(37, 1, 4,  1, 4,  5,  1,  5, 5,  1, '11:05:00','11:50:00','all', 0),
(38, 1, 5,  1, 5,  6,  1,  5, 7,  1, '14:00:00','14:45:00','all', 0),
(39, 1, 8,  1, 10, 11, 13, 5, 8,  1, '14:55:00','15:40:00','all', 0),
(40, 1, 6,  1, 6,  7,  1,  5, 9,  1, '15:50:00','16:35:00','all', 0),
(41, 1, 7,  1, 7,  8,  1,  5, 10, 1, '16:45:00','17:30:00','all', 0),

-- ==== 高二(1)班 星期一（演示跨年级时间冲突） ====
-- 张伟在高一1班周一第一节(08:00-08:45)和高二1班周一第一节(07:50-08:35)时间重叠!
(42, 1, 23, 3, 1, 2,  3,  1, 1, 2, '07:50:00','08:35:00','all', 0),
(43, 1, 24, 3, 2, 3,  3,  1, 2, 2, '08:45:00','09:30:00','all', 0),
(44, 1, 25, 3, 3, 18, 3,  1, 4, 2, '10:00:00','10:45:00','all', 0),
(45, 1, 26, 3, 4, 5,  7,  1, 5, 2, '10:55:00','11:40:00','all', 0),
(46, 1, 27, 3, 5, 6,  8,  1, 6, 2, '11:50:00','12:35:00','all', 0),
(47, 1, 28, 3, 6, 7,  9,  1, 8, 2, '14:00:00','14:45:00','all', 0),
(48, 1, 23, 3, 1, 2,  3,  1, 9, 2, '14:55:00','15:40:00','all', 0),
(49, 1, 29, 3, 10,11, 13, 1, 10,2, '15:50:00','16:35:00','all', 0),
(50, 1, 24, 3, 2, 3,  3,  1, 11,2, '16:45:00','17:40:00','all', 0),

-- ==== 高三(1)班 星期一（演示晚自习 + 跨年级冲突） ====
-- 王强在高一1班周一第三节(10:10-10:55)和高三1班周一第四节(10:35-11:20)时间重叠!
(51, 1, 37, 5, 1, 16, 5,  1, 1, 3, '07:30:00','08:15:00','all', 0),
(52, 1, 38, 5, 2, 3,  5,  1, 2, 3, '08:25:00','09:10:00','all', 0),
(53, 1, 39, 5, 3, 4,  5,  1, 4, 3, '09:40:00','10:25:00','all', 0),
(54, 1, 40, 5, 4, 5,  7,  1, 5, 3, '10:35:00','11:20:00','all', 0),
(55, 1, 41, 5, 5, 6,  8,  1, 6, 3, '11:30:00','12:15:00','all', 0),
(56, 1, 37, 5, 1, 16, 5,  1, 8, 3, '14:00:00','14:45:00','all', 0),
(57, 1, 38, 5, 2, 3,  5,  1, 9, 3, '14:55:00','15:40:00','all', 0),
(58, 1, 42, 5, 10,11, 13, 1, 10,3, '15:50:00','16:35:00','all', 0),
(59, 1, 39, 5, 3, 4,  5,  1, 11,3, '16:45:00','17:30:00','all', 0),
-- 晚自习（单双周）
(60, 1, 38, 5, 2, 3,  5,  1, 12,3, '18:30:00','19:15:00','odd', 0),
(61, 1, 39, 5, 3, 4,  5,  1, 13,3, '19:25:00','20:10:00','even', 0),
(62, 1, 40, 5, 4, 5,  5,  1, 14,3, '20:20:00','21:05:00','odd', 0),

-- ==== 高三(2)班 星期一（演示跨年级冲突：李芳同时在高二和高三） ====
(63, 1, 43, 6, 1, 16, 6,  1, 1, 3, '07:30:00','08:15:00','all', 0),
(64, 1, 44, 6, 2, 3,  6,  1, 2, 3, '08:25:00','09:10:00','all', 0),
(65, 1, 45, 6, 3, 4,  6,  1, 4, 3, '09:40:00','10:25:00','all', 0),
(66, 1, 46, 6, 7, 8,  6,  1, 5, 3, '10:35:00','11:20:00','all', 0),
(67, 1, 47, 6, 8, 9,  6,  1, 6, 3, '11:30:00','12:15:00','all', 0),
(68, 1, 43, 6, 1, 16, 6,  1, 8, 3, '14:00:00','14:45:00','all', 0),
(69, 1, 48, 6, 10,11, 13, 1, 9, 3, '14:55:00','15:40:00','all', 0),
(70, 1, 44, 6, 2, 3,  6,  1, 10,3, '15:50:00','16:35:00','all', 0),
-- 双周心理健康
(71, 1, 49, 6, 14,15, 6,  1, 11,3, '16:45:00','17:30:00','even', 0),
-- 晚自习
(72, 1, 44, 6, 2, 3,  6,  1, 12,3, '18:30:00','19:15:00','all', 0),
(73, 1, 45, 6, 3, 4,  6,  1, 13,3, '19:25:00','20:10:00','all', 0);

-- ============================================================
-- 14. 换课申请
-- ============================================================
INSERT INTO course_swap_requests (id, requester_id, target_id, requester_entry_id, target_entry_id, target_day, target_period, target_template_id, swap_type, reason, status, responder_reason, academic_year_id, resolved_at) VALUES
(1, 2, 8, 1, 8, NULL, NULL, NULL, 'move', '周一第一节有教研活动，希望调到其他时间', 'pending', NULL, 2, NULL),
(2, 17, 2, 2, 10, NULL, NULL, NULL, 'swap', '希望与张伟老师交换周一第二节和周二第一节', 'approved', '同意交换', 2, '2025-09-05 14:30:00');

-- ============================================================
-- 15. 通知
-- ============================================================
INSERT INTO notifications (id, user_id, type, title, content, is_read, related_id, created_at) VALUES
(1, 2,  'swap_request',    '收到换课申请',         '何平老师希望与您交换周一第二节和周二第一节的课程，请及时处理。', 0, 2, '2025-09-05 10:00:00'),
(2, 17, 'swap_result',     '换课申请已通过',       '您与张伟老师的换课申请已通过，课表已更新。',                   1, 2, '2025-09-05 14:30:00'),
(3, 1,  'schedule_published','排课方案已生成',      '2025-2026上学期排课方案已生成，请审核发布。',                   0, 1, '2025-09-01 09:00:00'),
(4, 2,  'system',          '系统通知',             '欢迎使用智能排课系统，请及时确认您的任课安排。',               0, NULL, '2025-09-01 08:00:00'),
(5, 11, 'staff_update',    '任课安排更新',         '您的任课安排已更新，本学期负责高一和高二的体育课程。',         1, NULL, '2025-09-02 10:00:00');

-- ============================================================
-- 16. 人事表（与任课安排对应）
-- ============================================================
INSERT INTO staff_table_entries (grade_id, class_group_id, subject_id, teacher_id, weekly_hours, odd_even_type, notes, academic_year_id, semester_id) VALUES
-- 高一(1)班
(1,1,1,  2,  4, 'all', NULL, 2, 3),
(1,1,2,  17, 5, 'all', NULL, 2, 3),
(1,1,3,  4,  4, 'all', NULL, 2, 3),
(1,1,4,  5,  2, 'all', NULL, 2, 3),
(1,1,5,  6,  2, 'all', NULL, 2, 3),
(1,1,6,  7,  2, 'all', NULL, 2, 3),
(1,1,7,  8,  2, 'all', NULL, 2, 3),
(1,1,10, 11, 2, 'all', NULL, 2, 3),
(1,1,11, 12, 1, 'all', '合班课', 2, 3),
(1,1,14, 15, 1, 'odd', '单周', 2, 3),
(1,1,15, 2,  1, 'even', '双周', 2, 3),
-- 高一(2)班
(1,2,1,  2,  4, 'all', NULL, 2, 3),
(1,2,2,  17, 5, 'all', NULL, 2, 3),
(1,2,3,  4,  4, 'all', NULL, 2, 3),
(1,2,4,  5,  2, 'all', NULL, 2, 3),
(1,2,5,  6,  2, 'all', NULL, 2, 3),
(1,2,6,  7,  2, 'all', NULL, 2, 3),
(1,2,8,  9,  2, 'all', NULL, 2, 3),
(1,2,10, 11, 2, 'all', NULL, 2, 3),
(1,2,11, 12, 1, 'all', '合班课', 2, 3),
(1,2,14, 15, 1, 'odd', '单周', 2, 3),
(1,2,16, 2,  1, 'even', '双周', 2, 3),
-- 高二(1)班
(2,3,1,  2,  4, 'all', NULL, 2, 3),
(2,3,2,  3,  5, 'all', NULL, 2, 3),
(2,3,3,  18, 4, 'all', NULL, 2, 3),
(2,3,4,  5,  3, 'all', NULL, 2, 3),
(2,3,5,  6,  3, 'all', NULL, 2, 3),
(2,3,6,  7,  3, 'all', NULL, 2, 3),
(2,3,10, 11, 2, 'all', NULL, 2, 3),
-- 高二(2)班
(2,4,1,  2,  4, 'all', NULL, 2, 3),
(2,4,2,  3,  5, 'all', NULL, 2, 3),
(2,4,3,  18, 4, 'all', NULL, 2, 3),
(2,4,7,  8,  3, 'all', NULL, 2, 3),
(2,4,8,  9,  3, 'all', NULL, 2, 3),
(2,4,9,  10, 3, 'all', NULL, 2, 3),
(2,4,10, 11, 2, 'all', NULL, 2, 3),
-- 高三(1)班
(3,5,1,  16, 5, 'all', NULL, 2, 3),
(3,5,2,  3,  6, 'all', NULL, 2, 3),
(3,5,3,  4,  5, 'all', NULL, 2, 3),
(3,5,4,  5,  4, 'all', NULL, 2, 3),
(3,5,5,  6,  4, 'all', NULL, 2, 3),
(3,5,10, 11, 2, 'all', NULL, 2, 3),
-- 高三(2)班
(3,6,1,  16, 5, 'all', NULL, 2, 3),
(3,6,2,  3,  6, 'all', NULL, 2, 3),
(3,6,3,  4,  5, 'all', NULL, 2, 3),
(3,6,7,  8,  4, 'all', NULL, 2, 3),
(3,6,8,  9,  4, 'all', NULL, 2, 3),
(3,6,10, 11, 2, 'all', NULL, 2, 3),
(3,6,14, 15, 1, 'even', '双周', 2, 3);

-- ============================================================
-- 17. 语数外匹配小课
-- ============================================================
INSERT INTO subject_sub_mappings (id, subject_id, sub_subject_id, academic_year_id, enabled) VALUES
(1, 1, 15, 2, 1),   -- 语文 → 综合实践
(2, 1, 16, 2, 1),   -- 语文 → 劳动
(3, 2, 18, 2, 1),   -- 数学 → 自习
(4, 3, 19, 2, 1);   -- 英语 → 校本

-- ============================================================
-- 18. 教师不可授课时间
-- ============================================================
INSERT INTO teacher_unavailable_times (id, teacher_id, day_of_week, period_number, start_time, end_time, reason, academic_year_id) VALUES
(1, 2,  3, 1, '08:00:00','08:45:00', '语文组教研活动', 2),
(2, 3,  5, 8, '14:00:00','14:45:00', '数学组集体备课', 2),
(3, 3,  5, 9, '14:55:00','15:40:00', '数学组集体备课', 2),
(4, 15, 1, 1, '08:00:00','08:45:00', '心理咨询室值班', 2),
(5, 15, 1, 2, '08:55:00','09:40:00', '心理咨询室值班', 2),
(6, 11, 2, 1, '07:50:00','08:35:00', '体育组早操安排', 2);

-- ============================================================
-- 19. 年级科目课时设置
-- ============================================================
INSERT INTO grade_subject_hours (grade_id, subject_id, weekly_hours, academic_year_id) VALUES
-- 高一
(1,1,4,2),(1,2,5,2),(1,3,4,2),(1,4,2,2),(1,5,2,2),(1,6,2,2),
(1,7,2,2),(1,8,2,2),(1,9,2,2),(1,10,2,2),(1,11,1,2),(1,12,1,2),
(1,13,1,2),(1,14,1,2),(1,15,1,2),(1,16,1,2),
-- 高二
(2,1,4,2),(2,2,5,2),(2,3,4,2),(2,4,3,2),(2,5,3,2),(2,6,3,2),
(2,7,3,2),(2,8,3,2),(2,9,3,2),(2,10,2,2),(2,13,1,2),
-- 高三
(3,1,5,2),(3,2,6,2),(3,3,5,2),(3,4,4,2),(3,5,4,2),(3,6,3,2),
(3,7,4,2),(3,8,4,2),(3,9,3,2),(3,10,2,2),(3,14,1,2);

-- ============================================================
-- 20. 操作日志
-- ============================================================
INSERT INTO operation_logs (user_id, action, target_type, target_id, detail, ip_address, created_at) VALUES
(1,  'login',            NULL,    NULL, '管理员登录系统',                   '192.168.1.100', '2025-09-01 08:00:00'),
(1,  'create_semester',  'semester', 3, '创建2025-2026上学期',             '192.168.1.100', '2025-09-01 08:05:00'),
(1,  'import_staff',     'staff',  NULL, '导入人事表数据',                  '192.168.1.100', '2025-09-01 09:00:00'),
(1,  'generate_schedule','plan',   1,   '生成排课方案: 2025-2026上学期排课方案', '192.168.1.100', '2025-09-01 10:00:00'),
(2,  'login',            NULL,    NULL, '张伟登录系统',                     '192.168.1.101', '2025-09-01 08:30:00'),
(2,  'view_schedule',    'plan',   1,   '查看排课方案',                     '192.168.1.101', '2025-09-01 08:35:00'),
(17, 'create_swap',      'swap',  2,   '创建换课申请: 与张伟老师换课',     '192.168.1.102', '2025-09-05 10:00:00'),
(1,  'approve_swap',     'swap',  2,   '审批通过换课申请#2',              '192.168.1.100', '2025-09-05 14:30:00');

-- ============================================================
-- 21. 备份记录
-- ============================================================
INSERT INTO backup_records (id, filename, file_path, file_size, backup_type, created_at) VALUES
(1, 'smart_schedule_20250901_init.sql.gz', '/www/wwwroot/smart-schedule/backups/smart_schedule_20250901_init.sql.gz', 2048576, 'manual', '2025-09-01 12:00:00'),
(2, 'smart_schedule_20250905_auto.sql.gz', '/www/wwwroot/smart-schedule/backups/smart_schedule_20250905_auto.sql.gz', 2150400, 'auto',   '2025-09-05 02:00:00');

SET FOREIGN_KEY_CHECKS = 1;
